{"root":[{"assemblyName":"Assembly-CSharp","nameSpace":"FishNet.Serializing","className":"Generated_DeltaWriters","methodName":"InitializeSerializers","loadTypes":0,"isUnityClass":false},{"assemblyName":"Assembly-CSharp","nameSpace":"FishNet.Serializing","className":"Generated_DeltaReaders","methodName":"InitializeSerializers","loadTypes":0,"isUnityClass":false},{"assemblyName":"Assembly-CSharp","nameSpace":"FishNet.Serializing.Generated","className":"GeneratedComparers___Internal","methodName":"InitializeOnce","loadTypes":0,"isUnityClass":false},{"assemblyName":"Assembly-CSharp","nameSpace":"FishNet.Serializing.Generated","className":"GeneratedWriters___Internal","methodName":"InitializeOnce","loadTypes":0,"isUnityClass":false},{"assemblyName":"Assembly-CSharp","nameSpace":"FishNet.Serializing.Generated","className":"GeneratedReaders___Internal","methodName":"InitializeOnce","loadTypes":0,"isUnityClass":false},{"assemblyName":"Assembly-CSharp-firstpass","nameSpace":"FishNet.Serializing","className":"Generated_DeltaWriters","methodName":"InitializeSerializers","loadTypes":0,"isUnityClass":false},{"assemblyName":"Assembly-CSharp-firstpass","nameSpace":"FishNet.Serializing","className":"Generated_DeltaReaders","methodName":"InitializeSerializers","loadTypes":0,"isUnityClass":false},{"assemblyName":"Assembly-CSharp-firstpass","nameSpace":"FishNet.Serializing.Generated","className":"GeneratedComparers___Internal","methodName":"InitializeOnce","loadTypes":0,"isUnityClass":false},{"assemblyName":"Assembly-CSharp-firstpass","nameSpace":"FishNet.Serializing.Generated","className":"GeneratedWriters___Internal","methodName":"InitializeOnce","loadTypes":0,"isUnityClass":false},{"assemblyName":"Assembly-CSharp-firstpass","nameSpace":"FishNet.Serializing.Generated","className":"GeneratedReaders___Internal","methodName":"InitializeOnce","loadTypes":0,"isUnityClass":false},{"assemblyName":"Cinemachine","nameSpace":"Cinemachine","className":"CinemachineStoryboard","methodName":"InitializeModule","loadTypes":0,"isUnityClass":false},{"assemblyName":"Cinemachine","nameSpace":"Cinemachine","className":"CinemachineCore","methodName":"InitializeModule","loadTypes":0,"isUnityClass":false},{"assemblyName":"Cinemachine","nameSpace":"Cinemachine","className":"UpdateTracker","methodName":"InitializeModule","loadTypes":0,"isUnityClass":false},{"assemblyName":"Cinemachine","nameSpace":"Cinemachine","className":"CinemachineImpulseManager","methodName":"InitializeModule","loadTypes":0,"isUnityClass":false},{"assemblyName":"Cinemachine","nameSpace":"Cinemachine.PostFX","className":"CinemachineVolumeSettings","methodName":"InitializeModule","loadTypes":0,"isUnityClass":false},{"assemblyName":"FishNet.Demos","nameSpace":"FishNet.Serializing","className":"Generated_DeltaWriters","methodName":"InitializeSerializers","loadTypes":0,"isUnityClass":false},{"assemblyName":"FishNet.Demos","nameSpace":"FishNet.Serializing","className":"Generated_DeltaReaders","methodName":"InitializeSerializers","loadTypes":0,"isUnityClass":false},{"assemblyName":"FishNet.Demos","nameSpace":"FishNet.Serializing.Generated","className":"GeneratedComparers___Internal","methodName":"InitializeOnce","loadTypes":0,"isUnityClass":false},{"assemblyName":"FishNet.Demos","nameSpace":"FishNet.Serializing.Generated","className":"GeneratedWriters___Internal","methodName":"InitializeOnce","loadTypes":0,"isUnityClass":false},{"assemblyName":"FishNet.Demos","nameSpace":"FishNet.Serializing.Generated","className":"GeneratedReaders___Internal","methodName":"InitializeOnce","loadTypes":0,"isUnityClass":false},{"assemblyName":"FishNet.Runtime","nameSpace":"FishNet.Serializing","className":"Generated_DeltaWriters","methodName":"InitializeSerializers","loadTypes":0,"isUnityClass":false},{"assemblyName":"FishNet.Runtime","nameSpace":"FishNet.Serializing","className":"Generated_DeltaReaders","methodName":"InitializeSerializers","loadTypes":0,"isUnityClass":false},{"assemblyName":"FishNet.Runtime","nameSpace":"FishNet.Serializing.Generated","className":"GeneratedComparers___Internal","methodName":"InitializeOnce","loadTypes":0,"isUnityClass":false},{"assemblyName":"FishNet.Runtime","nameSpace":"FishNet.Serializing.Generated","className":"GeneratedWriters___Internal","methodName":"InitializeOnce","loadTypes":0,"isUnityClass":false},{"assemblyName":"FishNet.Runtime","nameSpace":"FishNet.Serializing.Generated","className":"GeneratedReaders___Internal","methodName":"InitializeOnce","loadTypes":0,"isUnityClass":false},{"assemblyName":"Unity.Collections","nameSpace":"","className":"$BurstDirectCallInitializer","methodName":"Initialize","loadTypes":2,"isUnityClass":true},{"assemblyName":"Unity.Multiplayer.Tools.Initialization","nameSpace":"Unity.Multiplayer.Tools.Context","className":"ContextsInitializer","methodName":"EnableRuntimeContexts","loadTypes":0,"isUnityClass":true},{"assemblyName":"Unity.Multiplayer.Tools.NetworkProfiler.Runtime","nameSpace":"Unity.Multiplayer.Tools.NetworkProfiler.Runtime","className":"ProfilerAdapterEventListener","methodName":"SubscribeToAdapterAndMetricEvents","loadTypes":0,"isUnityClass":true},{"assemblyName":"Unity.RenderPipelines.Core.Runtime","nameSpace":"UnityEngine.Experimental.Rendering","className":"XRSystem","methodName":"XRSystemInit","loadTypes":3,"isUnityClass":true},{"assemblyName":"Unity.RenderPipelines.Core.Runtime","nameSpace":"UnityEngine.Rendering","className":"DebugUpdater","methodName":"RuntimeInit","loadTypes":0,"isUnityClass":true}]}
